,d_Des_Tp,Unit_Nm,State_Nm,d_State_Nm,GIS_Acres,type
59,State Park,Homolovi Ruins State Park,AZ,Arizona,740,State Park
60,State Park,Homolovi Ruins State Park,AZ,Arizona,643,State Park
61,State Park,Roper Lake State Park,AZ,Arizona,81,State Park
62,State Park,Lyman Lake State Park,AZ,Arizona,66,State Park
63,State Park,San Rafael Ranch Natural Area,AZ,Arizona,3563,State Park
64,State Park,Patagonia Lake State Park,AZ,Arizona,600,State Park
65,Recreation Management Area,Ben Avery Shooting Facility,AZ,Arizona,1676,"State Preserve, Reserve, or Recreation Area"
66,Recreation Management Area,Mohave County Shooting Range,AZ,Arizona,724,"State Preserve, Reserve, or Recreation Area"
67,Recreation Management Area,Northern Arizona Shooting Range,AZ,Arizona,159,"State Preserve, Reserve, or Recreation Area"
68,Recreation Management Area,Rio Salado Shooting Range,AZ,Arizona,40,"State Preserve, Reserve, or Recreation Area"
69,Recreation Management Area,Sierra Vista Shooting Range,AZ,Arizona,624,"State Preserve, Reserve, or Recreation Area"
70,Recreation Management Area,Three Points Shooting Range,AZ,Arizona,1303,"State Preserve, Reserve, or Recreation Area"
71,State Park,Tri-State Shooting Park,AZ,Arizona,313,State Park
72,State Park,Kartchner Caverns State Park,AZ,Arizona,727,State Park
73,State Park,Cattail Cove State Park,AZ,Arizona,2161,State Park
74,State Park,Dead Horse Ranch State Park,AZ,Arizona,335,State Park
75,State Park,Fort Verde State Historic Park,AZ,Arizona,1,State Park
76,State Park,Fort Verde State Historic Park,AZ,Arizona,10,State Park
77,State Park,Jerome State Historic Park,AZ,Arizona,7,State Park
78,State Park,Lake Havasu State Park,AZ,Arizona,492,State Park
79,State Park,McFarland State Historic Park,AZ,Arizona,2,State Park
80,State Park,Oracle State Park,AZ,Arizona,4121,State Park
81,State Park,Picacho Peak State Park,AZ,Arizona,3461,State Park
82,State Park,Red Rock State Park,AZ,Arizona,282,State Park
83,State Park,Riordan Mansion State Historic Park,AZ,Arizona,5,State Park
84,State Park,Slide Rock State Park,AZ,Arizona,54,State Park
85,State Park,Sonoita Creek Natural Area,AZ,Arizona,5239,State Park
86,State Park,Tombstone Courthouse State Historic Park,AZ,Arizona,4,State Park
87,State Park,Tubac Presidio State Historic Park,AZ,Arizona,8,State Park
88,State Park,Verde River Greenway State Natural Area,AZ,Arizona,647,State Park
89,State Park,Yuma Quartermaster Depot State Historic Park,AZ,Arizona,10,State Park
601,State Park,Woodcutter's Canyon Linear Park,AZ,Arizona,24,State Park
602,State Park,Bidwell Mansion State Park,CA,California,5,State Park
603,State Park,Santa Maria Fair Park,CA,California,36,State Park
604,State Park,Teague Park,CA,California,2,State Park
853,State Park,Mount Tamalpais State Park,CA,California,28,State Park
854,State Historic or Cultural Area,Bodie State Historic Park,CA,California,15,"Historical Park, Site, Monument, or Memorial"
855,State Park,Saddleback Butte State Park,CA,California,87,State Park
856,State Park,San Onofre State Beach,CA,California,2043,State Park
857,State Park,D.L. Bliss State Park,CA,California,1162,State Park
858,State Park,McArthur-Burney Falls Memorial State Park,CA,California,76,State Park
859,State Park,Pfeiffer Big Sur State Park,CA,California,29,State Park
860,State Historic or Cultural Area,California Indian Heritage Center,CA,California,44,"Historical Park, Site, Monument, or Memorial"
861,State Park,Anza-Borrego Desert State Park,CA,California,2607,State Park
862,State Park,Anza-Borrego Desert State Park,CA,California,610,State Park
863,State Park,The Forest of Nisene Marks State Park,CA,California,0,State Park
864,State Park,Plumas-Eureka State Park,CA,California,497,State Park
865,State Park,Leo Carrillo State Park,CA,California,76,State Park
866,State Park,Julia Pfeiffer Burns State Park,CA,California,1879,State Park
867,State Historic or Cultural Area,Fort Ross State Historic Park,CA,California,86,"Historical Park, Site, Monument, or Memorial"
868,State Park,D.L. Bliss State Park,CA,California,393,State Park
869,State Park,Doheny State Beach,CA,California,212,State Park
870,State Park,Emerald Bay State Park,CA,California,716,State Park
871,State Park,MacKerricher State Park,CA,California,452,State Park
872,State Park,Manchester State Park,CA,California,3855,State Park
873,State Park,Morro Bay State Park,CA,California,456,State Park
874,State Park,Refugio State Beach,CA,California,791,State Park
875,State Park,Russian Gulch State Park,CA,California,41,State Park
876,State Park,Salt Point State Park,CA,California,1046,State Park
877,State Park,Silver Strand State Beach,CA,California,7228,State Park
878,State Park,Sonoma Coast State Park,CA,California,573,State Park
879,State Park,Van Damme State Park,CA,California,21,State Park
880,State Historic or Cultural Area,Cemetery Hole Fishing Access,CA,California,21,"Historical Park, Site, Monument, or Memorial"
881,State Park,Mendocino Woodlands State Park,CA,California,651,State Park
882,State Historic or Cultural Area,El Presidio de Santa Barbara State Historic Park,CA,California,6,"Historical Park, Site, Monument, or Memorial"
883,State Historic or Cultural Area,Anderson Marsh State Historic Park,CA,California,1354,"Historical Park, Site, Monument, or Memorial"
884,State Historic or Cultural Area,Antelope Valley Indian Museum,CA,California,162,"Historical Park, Site, Monument, or Memorial"
885,State Historic or Cultural Area,Bale Grist Mill State Historic Park,CA,California,1,"Historical Park, Site, Monument, or Memorial"
886,State Historic or Cultural Area,Benicia Capitol State Historic Park,CA,California,1,"Historical Park, Site, Monument, or Memorial"
887,State Historic or Cultural Area,Bidwell Mansion State Historic Park,CA,California,5,"Historical Park, Site, Monument, or Memorial"
888,State Historic or Cultural Area,Bodie State Historic Park,CA,California,984,"Historical Park, Site, Monument, or Memorial"
889,State Historic or Cultural Area,California Citrus State Historic Park,CA,California,252,"Historical Park, Site, Monument, or Memorial"
890,State Historic or Cultural Area,California Indian Heritage Center,CA,California,8,"Historical Park, Site, Monument, or Memorial"
891,State Historic or Cultural Area,California Mining & Mineral Museum,CA,California,0,"Historical Park, Site, Monument, or Memorial"
892,State Historic or Cultural Area,California State Capitol Museum,CA,California,6,"Historical Park, Site, Monument, or Memorial"
893,State Historic or Cultural Area,Chumash Painted Cave State Historic Park,CA,California,10,"Historical Park, Site, Monument, or Memorial"
894,State Historic or Cultural Area,Colonel Allensworth State Historic Park,CA,California,909,"Historical Park, Site, Monument, or Memorial"
895,State Historic or Cultural Area,Columbia State Historic Park,CA,California,277,"Historical Park, Site, Monument, or Memorial"
896,State Historic or Cultural Area,Empire Mine State Historic Park,CA,California,827,"Historical Park, Site, Monument, or Memorial"
897,State Historic or Cultural Area,Folsom Powerhouse State Historic Park,CA,California,23,"Historical Park, Site, Monument, or Memorial"
898,State Historic or Cultural Area,Fort Humboldt State Historic Park,CA,California,16,"Historical Park, Site, Monument, or Memorial"
899,State Historic or Cultural Area,Fort Ross State Historic Park,CA,California,3303,"Historical Park, Site, Monument, or Memorial"
900,State Historic or Cultural Area,Fort Tejon State Historic Park,CA,California,641,"Historical Park, Site, Monument, or Memorial"
901,State Historic or Cultural Area,Governor's Mansion State Historic Park,CA,California,1,"Historical Park, Site, Monument, or Memorial"
902,State Historic or Cultural Area,Hearst San Simeon State Historical Monument,CA,California,166,"Historical Park, Site, Monument, or Memorial"
903,State Historic or Cultural Area,Indian Grinding Rock State Historic Park,CA,California,132,"Historical Park, Site, Monument, or Memorial"
904,State Historic or Cultural Area,Jack London State Historic Park,CA,California,1469,"Historical Park, Site, Monument, or Memorial"
905,State Historic or Cultural Area,La Purísima Mission State Historic Park,CA,California,1929,"Historical Park, Site, Monument, or Memorial"
906,State Historic or Cultural Area,Leland Stanford Mansion State Historic Park,CA,California,1,"Historical Park, Site, Monument, or Memorial"
907,State Historic or Cultural Area,Los Angeles State Historic Park,CA,California,32,"Historical Park, Site, Monument, or Memorial"
908,State Historic or Cultural Area,Los Encinos State Historic Park,CA,California,5,"Historical Park, Site, Monument, or Memorial"
909,State Historic or Cultural Area,Malakoff Diggins State Historic Park,CA,California,3166,"Historical Park, Site, Monument, or Memorial"
910,State Historic or Cultural Area,Marconi Conference Center State Historic Park,CA,California,57,"Historical Park, Site, Monument, or Memorial"
911,State Historic or Cultural Area,Marsh Creek State Historic Park,CA,California,3679,"Historical Park, Site, Monument, or Memorial"
912,State Historic or Cultural Area,Marshall Gold Discovery State Historic Park,CA,California,569,"Historical Park, Site, Monument, or Memorial"
913,State Historic or Cultural Area,Monterey State Historic Park,CA,California,9,"Historical Park, Site, Monument, or Memorial"
914,State Historic or Cultural Area,Old Sacramento State Historic Park,CA,California,15,"Historical Park, Site, Monument, or Memorial"
915,State Historic or Cultural Area,Old Sacramento State Historic Park,CA,California,41,"Historical Park, Site, Monument, or Memorial"
916,State Historic or Cultural Area,Old Town San Diego State Historic Park,CA,California,20,"Historical Park, Site, Monument, or Memorial"
917,State Historic or Cultural Area,Olompali State Historic Park,CA,California,686,"Historical Park, Site, Monument, or Memorial"
918,State Historic or Cultural Area,Petaluma Adobe State Historic Park,CA,California,42,"Historical Park, Site, Monument, or Memorial"
919,State Historic or Cultural Area,Pigeon Point Light Station State Historic Park,CA,California,80,"Historical Park, Site, Monument, or Memorial"
920,State Historic or Cultural Area,Pío Pico State Historic Park,CA,California,6,"Historical Park, Site, Monument, or Memorial"
921,State Historic or Cultural Area,Point Cabrillo Light Station,CA,California,309,"Historical Park, Site, Monument, or Memorial"
922,State Historic or Cultural Area,Point Montara Light Station,CA,California,1,"Historical Park, Site, Monument, or Memorial"
923,State Historic or Cultural Area,Point Sur State Historic Park,CA,California,100,"Historical Park, Site, Monument, or Memorial"
924,State Historic or Cultural Area,Railtown 1897 State Historic Park,CA,California,21,"Historical Park, Site, Monument, or Memorial"
925,State Historic or Cultural Area,San Juan Bautista State Historic Park,CA,California,6,"Historical Park, Site, Monument, or Memorial"
926,State Historic or Cultural Area,San Pasqual Battlefield State Historic Park,CA,California,70,"Historical Park, Site, Monument, or Memorial"
927,State Historic or Cultural Area,Santa Cruz Mission State Historic Park,CA,California,2,"Historical Park, Site, Monument, or Memorial"
928,State Historic or Cultural Area,Santa Susana Pass State Historic Park,CA,California,682,"Historical Park, Site, Monument, or Memorial"
929,State Historic or Cultural Area,Shasta State Historic Park,CA,California,24,"Historical Park, Site, Monument, or Memorial"
930,State Historic or Cultural Area,Sonoma State Historic Park,CA,California,66,"Historical Park, Site, Monument, or Memorial"
931,State Historic or Cultural Area,State Indian Museum State Historic Park,CA,California,0,"Historical Park, Site, Monument, or Memorial"
932,State Historic or Cultural Area,Sutter's Fort State Historic Park,CA,California,6,"Historical Park, Site, Monument, or Memorial"
933,State Historic or Cultural Area,Tomo-Kahni State Historic Park,CA,California,579,"Historical Park, Site, Monument, or Memorial"
934,State Historic or Cultural Area,Wassama Round House State Historic Park,CA,California,26,"Historical Park, Site, Monument, or Memorial"
935,State Historic or Cultural Area,Weaverville Joss House State Historic Park,CA,California,3,"Historical Park, Site, Monument, or Memorial"
936,State Historic or Cultural Area,Will Rogers State Historic Park,CA,California,188,"Historical Park, Site, Monument, or Memorial"
937,State Historic or Cultural Area,William B. Ide Adobe State Historic Park,CA,California,6,"Historical Park, Site, Monument, or Memorial"
938,State Park,Ahjumawi Lava Springs State Park,CA,California,6507,State Park
939,State Park,Andrew Molera State Park,CA,California,4696,State Park
940,State Park,Angel Island State Park,CA,California,754,State Park
941,State Park,Annadel State Park,CA,California,5112,State Park
942,State Park,Año Nuevo State Park,CA,California,706,State Park
943,State Park,Año Nuevo State Park,CA,California,3043,State Park
944,State Park,Anza-Borrego Desert State Park,CA,California,34662,State Park
945,State Park,Anza-Borrego Desert State Park,CA,California,586446,State Park
946,State Park,Arthur B. Ripley Desert Woodland State Park,CA,California,568,State Park
947,State Park,Asilomar State Beach,CA,California,106,State Park
948,State Park,Bean Hollow State Beach,CA,California,55,State Park
949,State Park,Bidwell-Sacramento River State Park,CA,California,292,State Park
950,State Park,Big Basin Redwoods State Park,CA,California,18220,State Park
951,State Park,Bolsa Chica State Beach,CA,California,203,State Park
952,State Park,Border Field State Park,CA,California,788,State Park
953,State Park,Bothe-Napa Valley State Park,CA,California,1885,State Park
954,State Park,Burleigh H. Murray Ranch,CA,California,1353,State Park
955,State Park,Burton Creek State Park,CA,California,1902,State Park
956,State Park,Butano State Park,CA,California,4537,State Park
957,State Park,Calaveras Big Trees State Park,CA,California,6452,State Park
958,State Park,Cardiff State Beach,CA,California,509,State Park
959,State Park,Carlsbad State Beach,CA,California,34,State Park
960,State Park,Carmel River State Beach,CA,California,298,State Park
961,State Park,Carpinteria State Beach,CA,California,58,State Park
962,State Park,Caspar Headlands State Beach,CA,California,127,State Park
963,State Park,Castle Crags State Park,CA,California,3728,State Park
964,State Park,Castle Rock State Park,CA,California,5395,State Park
965,State Park,Caswell Memorial State Park,CA,California,294,State Park
966,State Park,Cayucos State Beach,CA,California,16,State Park
967,State Park,China Camp State Park,CA,California,1524,State Park
968,State Park,Chino Hills State Park,CA,California,13997,State Park
969,State Park,Clear Lake State Park,CA,California,586,State Park
970,State Park,Crystal Cove State Park,CA,California,4006,State Park
971,State Park,Cuyamaca Rancho State Park,CA,California,24677,State Park
972,State Park,Del Norte Coast Redwoods State Park,CA,California,31316,State Park
973,State Park,Doheny State Beach,CA,California,76,State Park
974,State Park,Donner Memorial State Park,CA,California,3607,State Park
975,State Park,Ed Z'Berg Sugar Pine Point State Park,CA,California,2213,State Park
976,State Park,El Capitán State Beach,CA,California,2647,State Park
977,State Park,Emerald Bay State Park,CA,California,624,State Park
978,State Park,Emma Wood State Beach,CA,California,123,State Park
979,State Park,Estero Bluffs State Park,CA,California,386,State Park
980,State Park,Fort Ord Dunes State Park,CA,California,1039,State Park
981,State Park,Fremont Peak State Park,CA,California,157,State Park
982,State Park,Garrapata State Park,CA,California,2872,State Park
983,State Park,Gaviota State Park,CA,California,2710,State Park
984,State Park,Gray Whale Cove State Beach,CA,California,3,State Park
985,State Park,Great Valley Grasslands State Park,CA,California,2732,State Park
986,State Park,Greenwood State Beach,CA,California,61,State Park
987,State Park,Grizzly Creek Redwoods State Park,CA,California,446,State Park
988,State Park,Grover Hot Springs State Park,CA,California,547,State Park
989,State Park,Half Moon Bay State Beach,CA,California,203,State Park
990,State Park,Harmony Headlands State Park,CA,California,749,State Park
991,State Park,Hearst San Simeon State Park,CA,California,1694,State Park
992,State Park,Hendy Woods State Park,CA,California,828,State Park
993,State Park,Henry Cowell Redwoods State Park,CA,California,4650,State Park
994,State Park,Henry W. Coe State Park,CA,California,87111,State Park
995,State Park,Humboldt Lagoons State Park,CA,California,2213,State Park
996,State Park,Humboldt Redwoods State Park,CA,California,53921,State Park
997,State Park,Huntington State Beach,CA,California,116,State Park
998,State Park,Jedediah Smith Redwoods State Park,CA,California,10549,State Park
999,State Park,Julia Pfeiffer Burns State Park,CA,California,2279,State Park
1000,State Park,Leo Carrillo State Park,CA,California,2466,State Park
1001,State Park,Lighthouse Field State Beach,CA,California,38,State Park
1002,State Park,Limekiln State Park,CA,California,743,State Park
1003,State Park,Little River State Beach,CA,California,213,State Park
1004,State Park,MacKerricher State Park,CA,California,1967,State Park
1005,State Park,Malibu Creek State Park,CA,California,8144,State Park
1006,State Park,Malibu Lagoon State Beach,CA,California,71,State Park
1007,State Park,Manchester State Park,CA,California,1448,State Park
1008,State Park,Mandalay State Beach,CA,California,101,State Park
1009,State Park,Manresa State Beach,CA,California,140,State Park
1010,State Park,Marina State Beach,CA,California,175,State Park
1011,State Park,McArthur-Burney Falls Memorial State Park,CA,California,809,State Park
1012,State Park,McGrath State Beach,CA,California,309,State Park
1013,State Park,Mendocino Headlands State Park,CA,California,7548,State Park
1014,State Park,Montaña de Oro State Park,CA,California,10231,State Park
1015,State Park,Montara State Beach,CA,California,966,State Park
1016,State Park,Monterey State Beach,CA,California,64,State Park
1017,State Park,Monterey State Beach,CA,California,46,State Park
1018,State Park,Morro Bay State Park,CA,California,2325,State Park
1019,State Park,Morro Strand State Beach,CA,California,193,State Park
1020,State Park,Moss Landing State Beach,CA,California,54,State Park
1021,State Park,Mount Diablo State Park,CA,California,18846,State Park
1022,State Park,Mount San Jacinto State Park,CA,California,13572,State Park
1023,State Park,Mount Tamalpais State Park,CA,California,6427,State Park
1024,State Park,Natural Bridges State Beach,CA,California,62,State Park
1025,State Park,Navarro River Redwoods State Park,CA,California,727,State Park
1026,State Park,New Brighton State Beach,CA,California,156,State Park
1027,State Park,Pacheco State Park,CA,California,6941,State Park
1028,State Park,Palomar Mountain State Park,CA,California,1870,State Park
1029,State Park,Patrick's Point State Park,CA,California,640,State Park
1030,State Park,Pelican State Beach,CA,California,9,State Park
1031,State Park,Pescadero State Beach,CA,California,90,State Park
1032,State Park,Pfeiffer Big Sur State Park,CA,California,1329,State Park
1033,State Park,Pismo State Beach,CA,California,1513,State Park
1034,State Park,Plumas-Eureka State Park,CA,California,4504,State Park
1035,State Park,Point Lobos Ranch,CA,California,1116,State Park
1036,State Park,Point Mugu State Park,CA,California,13979,State Park
1037,State Park,Point Sal State Beach,CA,California,127,State Park
1038,State Park,Pomponio State Beach,CA,California,400,State Park
1039,State Park,Portola Redwoods State Park,CA,California,2718,State Park
1040,State Park,Prairie Creek Redwoods State Park,CA,California,13211,State Park
1041,State Park,Red Rock Canyon State Park,CA,California,25352,State Park
1042,State Park,Refugio State Beach,CA,California,139,State Park
1043,State Park,Richardson Grove State Park,CA,California,1805,State Park
1044,State Park,Robert H. Meyer Memorial State Beach,CA,California,37,State Park
1045,State Park,Robert Louis Stevenson State Park,CA,California,5126,State Park
1046,State Park,Russian Gulch State Park,CA,California,1256,State Park
1047,State Park,Saddleback Butte State Park,CA,California,2954,State Park
1048,State Park,Salinas River State Beach,CA,California,287,State Park
1049,State Park,Salt Point State Park,CA,California,4611,State Park
1050,State Park,Samuel P. Taylor State Park,CA,California,2617,State Park
1051,State Park,San Buenaventura State Beach,CA,California,98,State Park
1052,State Park,San Clemente State Beach,CA,California,121,State Park
1053,State Park,San Elijo State Beach,CA,California,553,State Park
1054,State Park,San Gregorio State Beach,CA,California,291,State Park
1055,State Park,San Gregorio State Beach,CA,California,161,State Park
1056,State Park,Schooner Gulch State Beach,CA,California,56,State Park
1057,State Park,Seacliff State Beach,CA,California,114,State Park
1058,State Park,Silver Strand State Beach,CA,California,160,State Park
1059,State Park,Sonoma Coast State Park,CA,California,3374,State Park
1060,State Park,Sonoma Coast State Park,CA,California,5977,State Park
1061,State Park,South Carlsbad State Beach,CA,California,117,State Park
1062,State Park,South Yuba River State Park,CA,California,3678,State Park
1063,State Park,Sugarloaf Ridge State Park,CA,California,4701,State Park
1064,State Park,Sunset State Beach,CA,California,296,State Park
1065,State Park,Sutter Buttes State Park,CA,California,1770,State Park
1066,State Park,The Forest of Nisene Marks State Park,CA,California,9980,State Park
1067,State Park,Thornton State Beach,CA,California,63,State Park
1068,State Park,Tolowa Dunes State Park,CA,California,4199,State Park
1069,State Park,Tomales Bay State Park,CA,California,2474,State Park
1070,State Park,Topanga State Park,CA,California,11440,State Park
1071,State Park,Torrey Pines State Beach,CA,California,8,State Park
1072,State Park,Trinidad State Beach,CA,California,204,State Park
1073,State Park,Twin Lakes State Beach,CA,California,112,State Park
1074,State Park,Van Damme State Park,CA,California,2412,State Park
1075,State Park,Washoe Meadows State Park,CA,California,861,State Park
1076,State Park,Westport-Union Landing State Beach,CA,California,102,State Park
1077,State Park,Wilder Ranch State Park,CA,California,7736,State Park
1078,State Park,Zmudowski State Beach,CA,California,178,State Park
1079,State Wilderness,Sinkyone Wilderness State Park,CA,California,8036,State Wilderness
90,State Park,Wailuku River State Park,HI,Hawaii,2,State Park
91,State Historic or Cultural Area,Kealakekua Bay State Historical Park,HI,Hawaii,222,"Historical Park, Site, Monument, or Memorial"
92,State Historic or Cultural Area,Lapakahi State Historical Park,HI,Hawaii,271,"Historical Park, Site, Monument, or Memorial"
93,State Historic or Cultural Area,Diamond Head State Monument,HI,Hawaii,503,"Historical Park, Site, Monument, or Memorial"
94,State Historic or Cultural Area,Haleki'i-pihana Heiau State Monument,HI,Hawaii,9,"Historical Park, Site, Monument, or Memorial"
95,State Historic or Cultural Area,Kohala Historical Sites State Monument,HI,Hawaii,7,"Historical Park, Site, Monument, or Memorial"
96,State Historic or Cultural Area,Lava Tree State Monument,HI,Hawaii,18,"Historical Park, Site, Monument, or Memorial"
97,State Historic or Cultural Area,Mount Olomanastate Monument,HI,Hawaii,209,"Historical Park, Site, Monument, or Memorial"
98,State Park,'Akaka Falls State Park,HI,Hawaii,66,State Park
99,State Park,Ahukini State Recreation Pier,HI,Hawaii,1,State Park
100,State Park,Ahupuaa O Kahana State Park,HI,Hawaii,12,State Park
101,State Park,Ahupuaa O Kahana State Park,HI,Hawaii,5195,State Park
102,State Park,Aiea Bay State Recreation Area,HI,Hawaii,6,State Park
103,State Park,Ha'ena State Park,HI,Hawaii,236,State Park
104,State Park,Hapuna Beach State Recreatioin Area,HI,Hawaii,2,State Park
105,State Park,Hapuna Beach State Recreation Area,HI,Hawaii,60,State Park
106,State Park,Heeia State Park,HI,Hawaii,13,State Park
107,State Park,Kaena Point State Park,HI,Hawaii,1138,State Park
108,State Park,Kakaako Waterfront Park,HI,Hawaii,26,State Park
109,State Park,Kalopa State Recreation Area,HI,Hawaii,44,State Park
110,State Park,Kaumahina State Wayside,HI,Hawaii,7,State Park
111,State Park,Keaiwa Heiau State Recreation Area,HI,Hawaii,385,State Park
112,State Park,Kekaha Kai State Park,HI,Hawaii,1668,State Park
113,State Park,Keolonahihi State Historical Park,HI,Hawaii,14,State Park
114,State Park,Kilauea State Recreation Area,HI,Hawaii,7,State Park
115,State Park,Koke'e State Park,HI,Hawaii,4373,State Park
116,State Park,Laie Point State Wayside,HI,Hawaii,4,State Park
117,State Park,Mackenzie State Recreation Area,HI,Hawaii,13,State Park
118,State Park,Makapuu Point State Wayside,HI,Hawaii,39,State Park
119,State Park,Makena State Park,HI,Hawaii,168,State Park
120,State Park,Makiki Valley State Recreation Area,HI,Hawaii,19,State Park
121,State Park,Malaekahana State Recreation Area,HI,Hawaii,110,State Park
122,State Park,Manuka State Wayside,HI,Hawaii,13,State Park
123,State Park,Mauna Kea State Park,HI,Hawaii,95,State Park
124,State Park,Na Pali Coast State Park,HI,Hawaii,6021,State Park
125,State Park,Nuuanu Pali State Wayside,HI,Hawaii,1,State Park
126,State Park,Old Kona Airport State Recreation Area,HI,Hawaii,110,State Park
127,State Park,Pala'au State Park,HI,Hawaii,174,State Park
128,State Park,Polihale State Park,HI,Hawaii,148,State Park
129,State Park,Polipoli Spring State Recreation Area,HI,Hawaii,2,State Park
130,State Park,Pua'a Ka'a State Wayside,HI,Hawaii,2,State Park
131,State Park,Puu Ualakea State Wayside,HI,Hawaii,57,State Park
132,State Park,Russian Fort Elizabeth State Historical Park,HI,Hawaii,19,State Park
133,State Park,Sacred Falls State Park,HI,Hawaii,1374,State Park
134,State Park,Salt Pond State Park,HI,Hawaii,8,State Park
135,State Park,Sand Island State Recreation Area,HI,Hawaii,144,State Park
136,State Park,Waahila Ridge State Recreation Area,HI,Hawaii,72,State Park
137,State Park,Wahiawa Freshwater State Recreation Area,HI,Hawaii,67,State Park
138,State Park,Wai'anapanapa State Park,HI,Hawaii,101,State Park
139,State Park,Wailoa River State Recreation Area,HI,Hawaii,129,State Park
140,State Park,Wailua River State Park,HI,Hawaii,1060,State Park
141,State Park,Wailua Valley State Wayside,HI,Hawaii,1,State Park
142,State Park,Wailuku River State Park,HI,Hawaii,14,State Park
143,State Park,Waimea Canyon State Park,HI,Hawaii,1845,State Park
144,State Park,Waimea State Recreation Pier,HI,Hawaii,2,State Park
594,State Park,Laie Point State Wayside,HI,Hawaii,4,State Park
595,State Park,Kaiona Beach Park,HI,Hawaii,26,State Park
596,State Park,Waimanalo Beach Park,HI,Hawaii,96,State Park
599,State Park,Ainaola Park,HI,Hawaii,6,State Park
600,State Park,Kaneohe Beach Park,HI,Hawaii,1,State Park
605,State Historic or Cultural Area,Kukaniloko Birthstones State Monument,HI,Hawaii,5,"Historical Park, Site, Monument, or Memorial"
606,State Park,Ahukini Recreation Pier State Park,HI,Hawaii,1,State Park
607,State Park,Aiea Bay Recreation Area,HI,Hawaii,9,State Park
608,State Park,Bayfront Park,HI,Hawaii,12,State Park
609,State Park,Carlsmith Beach Park,HI,Hawaii,19,State Park
610,State Park,Carvalho,HI,Hawaii,6,State Park
611,State Park,Cove Beach Park,HI,Hawaii,1,State Park
612,State Park,Hale Halawai Park,HI,Hawaii,3,State Park
613,State Park,Honokaa Park,HI,Hawaii,29,State Park
614,State Park,Honokowai Beach Park,HI,Hawaii,2,State Park
615,State Park,Hoolulu Park,HI,Hawaii,28,State Park
616,State Park,Hualani Park,HI,Hawaii,5,State Park
617,State Park,Iao Valley State Park,HI,Hawaii,6,State Park
618,State Park,Kahana Valley State Park,HI,Hawaii,5329,State Park
619,State Park,Kalakaua Park,HI,Hawaii,1,State Park
620,State Park,Kamaole Beach Park II,HI,Hawaii,5,State Park
621,State Park,Kamehameha Iki Park,HI,Hawaii,2,State Park
622,State Park,Kamehameha Park,HI,Hawaii,16,State Park
623,State Park,Kauapea Beach,HI,Hawaii,38,State Park
624,State Park,Kaumana Caves,HI,Hawaii,3,State Park
625,State Park,Kaupuni Neighborhood Park,HI,Hawaii,3,State Park
626,State Park,Keaukaha Beach Park,HI,Hawaii,11,State Park
627,State Park,Launiupoko State Park,HI,Hawaii,1,State Park
628,State Park,Leleiwi Park,HI,Hawaii,2,State Park
629,State Park,Lincoln Park,HI,Hawaii,3,State Park
630,State Park,Lydgate State Park,HI,Hawaii,189,State Park
631,State Park,Malama Park,HI,Hawaii,11,State Park
632,State Park,Mo'Oheau Park,HI,Hawaii,11,State Park
633,State Park,Mohouli Park,HI,Hawaii,4,State Park
634,State Park,Mount Olomana State Monument,HI,Hawaii,209,State Park
635,State Park,Napoopoo Park,HI,Hawaii,5,State Park
636,State Park,Pana'Ewa Park,HI,Hawaii,7,State Park
637,State Park,Puu O Mahuka State Monument,HI,Hawaii,4,State Park
638,State Park,Reeds Bay Beach Co Park,HI,Hawaii,3,State Park
639,State Park,Richardson Ocean Park,HI,Hawaii,4,State Park
640,State Park,Sacred Falls State Park,HI,Hawaii,1374,State Park
641,State Park,University Heights Park,HI,Hawaii,4,State Park
642,State Park,Unknown Park,HI,Hawaii,15,State Park
643,State Park,Wai'Olena Beach Park,HI,Hawaii,4,State Park
644,State Park,Waiahole / Waikane Nature Preserve,HI,Hawaii,587,State Park
645,State Park,Waiahole Beach Park,HI,Hawaii,17,State Park
646,State Park,Wailua River State Park,HI,Hawaii,1095,State Park
647,State Park,Wailuku River State Park,HI,Hawaii,21,State Park
648,State Park,Pearl Ridge Community Park,HI,Hawaii,9,State Park
684,State Historic or Cultural Area,Iolani Palace State Monument,HI,Hawaii,11,"Historical Park, Site, Monument, or Memorial"
685,State Historic or Cultural Area,Royal Mausoleum State Monument,HI,Hawaii,7,"Historical Park, Site, Monument, or Memorial"
686,State Park,Kakaako Waterfront Park,HI,Hawaii,38,State Park
687,State Park,Kewalo Basin Park,HI,Hawaii,5,State Park
688,State Park,Kailua Beach Park,HI,Hawaii,38,State Park
145,State Park,Old Mission State Park,ID,Idaho,47,State Park
146,State Park,Thousand Springs State Park,ID,Idaho,110,State Park
147,State Park,Thousand Springs State Park,ID,Idaho,214,State Park
148,State Historic or Cultural Area,Idaho State Historical Society,ID,Idaho,2,"Historical Park, Site, Monument, or Memorial"
149,State Park,Farragut State Park,ID,Idaho,637,State Park
150,State Park,Veteran's Memorial State Park,ID,Idaho,77,State Park
151,State Park,Bayhorse State Park,ID,Idaho,20,State Park
152,State Park,Bear Lake State Park,ID,Idaho,2,State Park
153,State Park,Bear Lake State Park,ID,Idaho,2,State Park
154,State Park,Bruneau Dunes State Park,ID,Idaho,163,State Park
155,State Park,Coeur d'Alene Parkway State Park,ID,Idaho,10,State Park
156,State Park,Eagle Island State Park,ID,Idaho,512,State Park
157,State Park,Eagle Island State Park,ID,Idaho,5,State Park
158,State Park,Eagle Island State Park,ID,Idaho,7,State Park
159,State Park,Eagle Island State Park,ID,Idaho,7,State Park
160,State Park,Enid Nesbitt Memorial State Park,ID,Idaho,92,State Park
161,State Park,Farragut State Park,ID,Idaho,1883,State Park
162,State Park,Glade Creek State Park,ID,Idaho,159,State Park
163,State Park,Harriman State Park,ID,Idaho,763,State Park
164,State Park,Harriman State Park,ID,Idaho,4298,State Park
165,State Park,Harriman State Park,ID,Idaho,6175,State Park
166,State Park,Henrys Lake State Park,ID,Idaho,607,State Park
167,State Park,Land of the Yankee Fork State Park,ID,Idaho,551,State Park
168,State Park,Land of Yankee Fork State Park,ID,Idaho,23,State Park
169,State Park,Lucky Peak State Park,ID,Idaho,10,State Park
170,State Park,Mary Minerva McCroskey State Park,ID,Idaho,4680,State Park
171,State Park,Mary Minerva McCroskey State Park,ID,Idaho,80,State Park
172,State Park,Massacre Rocks State Park,ID,Idaho,129,State Park
173,State Park,Ponderosa State Park,ID,Idaho,486,State Park
174,State Park,Ponderosa State Park,ID,Idaho,984,State Park
175,State Park,Priest Lake State Park,ID,Idaho,120,State Park
176,State Park,Priest Lake State Park,ID,Idaho,294,State Park
177,State Park,Priest Lake State Park,ID,Idaho,48,State Park
178,State Park,Priest Lake State Park,ID,Idaho,282,State Park
179,State Park,Round Lake State Park,ID,Idaho,40,State Park
180,State Park,Round Lake State Park,ID,Idaho,106,State Park
181,State Park,Round Lake State Park,ID,Idaho,1,State Park
182,State Park,Thousand Springs State Park,ID,Idaho,348,State Park
183,State Park,Thousand Springs State Park,ID,Idaho,414,State Park
184,State Park,Thousand Springs State Park,ID,Idaho,275,State Park
185,State Park,Thousand Springs State Park,ID,Idaho,105,State Park
186,State Park,Thousand Springs State Park,ID,Idaho,82,State Park
187,State Park,Three Island Crossing State Park,ID,Idaho,182,State Park
188,State Park,Castle Rocks State Park,ID,Idaho,121,State Park
189,State Park,Castle Rocks State Park,ID,Idaho,164,State Park
190,State Park,Old Mission State Park,ID,Idaho,33,State Park
191,State Park,Dworshak State Park,ID,Idaho,398,State Park
192,State Park,Hells Gate State Park,ID,Idaho,961,State Park
193,State Park,Lucky Peak State Park,ID,Idaho,34,State Park
194,State Park,Lucky Peak State Park,ID,Idaho,31,State Park
195,State Park,Lake Cascade State Park,ID,Idaho,172,State Park
196,State Park,Lake Walcott State Park,ID,Idaho,242,State Park
197,State Park,Old Mission State Park,ID,Idaho,20,State Park
198,State Park,Old Mission State Park,ID,Idaho,4,State Park
199,State Park,Thousand Springs State Park,ID,Idaho,40,State Park
200,State Park,Farragut State Park,ID,Idaho,1419,State Park
201,State Park,Thousand Springs State Park,ID,Idaho,90,State Park
202,State Park,Thousand Springs State Park,ID,Idaho,11,State Park
203,State Park,Winchester Lake State Park,ID,Idaho,297,State Park
204,State Park,Old Mission State Park,ID,Idaho,42,State Park
205,State Park,Bear Lake State Park,ID,Idaho,913,State Park
206,State Park,Bear Lake State Park,ID,Idaho,52,State Park
207,State Park,Bruneau Dunes State Park,ID,Idaho,2895,State Park
208,State Park,Bruneau Dunes State Park,ID,Idaho,1839,State Park
209,State Park,Heyburn State Park,ID,Idaho,8094,State Park
210,State Park,Massacre Rocks State Park,ID,Idaho,733,State Park
211,State Park,Thousand Springs State Park,ID,Idaho,236,State Park
212,State Park,Three Island Crossing State Park,ID,Idaho,331,State Park
213,State Park,Old Mission State park,ID,Idaho,17,State Park
245,State Historic or Cultural Area,Belmont Courthouse State Historical Site,NV,Nevada,2,"Historical Park, Site, Monument, or Memorial"
246,State Historic or Cultural Area,Mormon Station State Historic Park,NV,Nevada,4,"Historical Park, Site, Monument, or Memorial"
247,State Historic or Cultural Area,Old Las Vegas Mormon Fort State Historic Park,NV,Nevada,5,"Historical Park, Site, Monument, or Memorial"
248,State Historic or Cultural Area,Ward Charcoal Ovens State Historic Park,NV,Nevada,564,"Historical Park, Site, Monument, or Memorial"
249,State Park,Floyd Lamb State Park,NV,Nevada,2179,State Park
250,State Park,Lake Tahoe State Park,NV,Nevada,76,State Park
251,State Park,State Parkring Valley State Park,NV,Nevada,82,State Park
252,State Park,Echo Canyon State Park,NV,Nevada,509,State Park
253,State Park,Washoe Lake State Park,NV,Nevada,265,State Park
254,State Historic or Cultural Area,Fort Churchill State Historic Park,NV,Nevada,3468,"Historical Park, Site, Monument, or Memorial"
255,State Park,Beaver Dam State Park,NV,Nevada,2022,State Park
256,State Park,Big Bend of the Colorado State Park,NV,Nevada,1966,State Park
257,State Park,Cathedral Gorge State Park,NV,Nevada,1631,State Park
258,State Park,Cave Lake State Park,NV,Nevada,1129,State Park
259,State Park,Dayton State Park,NV,Nevada,128,State Park
260,State Park,Echo Canyon State Park,NV,Nevada,391,State Park
261,State Park,Kershaw-Ryan State Park,NV,Nevada,265,State Park
262,State Park,Lake Tahoe Nevada State Park,NV,Nevada,3,State Park
263,State Park,Lake Tahoe Nevada State Park,NV,Nevada,557,State Park
264,State Park,Spring Mountain Ranch State Park,NV,Nevada,539,State Park
265,State Park,Spring Valley State Park,NV,Nevada,1027,State Park
266,State Park,Valley of Fire State Park,NV,Nevada,41930,State Park
267,State Park,Walker Lake State Park,NV,Nevada,300,State Park
268,State Park,Washoe Lake State Park,NV,Nevada,3033,State Park
269,State Park,Washoe Lake State Park,NV,Nevada,31,State Park
597,State Park,Pinion Park,NV,Nevada,1,State Park
598,State Park,Whitewater Park At Rock,NV,Nevada,4,State Park
652,State Park,Capitol Complex,NV,Nevada,5,State Park
214,State Park,Bluewater Lake State Park,NM,New Mexico,1824,State Park
215,State Park,Bottomless Lakes State Park,NM,New Mexico,1439,State Park
216,State Park,Brantley Lake State Park,NM,New Mexico,2664,State Park
217,State Park,Caballo Lake State Park,NM,New Mexico,4476,State Park
218,State Park,Chicosa Lake State Park,NM,New Mexico,5,State Park
219,State Park,Cimarron Canyon State Park,NM,New Mexico,1231,State Park
220,State Park,City Of Rocks State Park,NM,New Mexico,681,State Park
221,State Park,Clayton Lake State Park,NM,New Mexico,315,State Park
222,State Park,Conchas Lake State Park,NM,New Mexico,1398,State Park
223,State Park,Coyote Creek State Park,NM,New Mexico,7306,State Park
224,State Park,Eagle Nest Lake State Park,NM,New Mexico,930,State Park
225,State Park,El Vado Lake State Park,NM,New Mexico,1850,State Park
226,State Park,Elephant Butte Lake State Park,NM,New Mexico,20696,State Park
227,State Park,Heron Lake State Park,NM,New Mexico,5233,State Park
228,State Park,Hyde Memorial State Park,NM,New Mexico,347,State Park
229,State Park,Leasburg Dam State Park,NM,New Mexico,271,State Park
230,State Park,Living Desert State Park,NM,New Mexico,374,State Park
231,State Park,Manzano Mountains State Park,NM,New Mexico,1700,State Park
232,State Park,Morphy Lake State Park,NM,New Mexico,18,State Park
233,State Park,Navajo Lake State Park,NM,New Mexico,17438,State Park
234,State Park,Oasis State State Park,NM,New Mexico,178,State Park
235,State Park,Oliver Lee State Park,NM,New Mexico,720,State Park
236,State Park,Pancho Villa State Park,NM,New Mexico,43,State Park
237,State Park,Percha Dam State Park,NM,New Mexico,315,State Park
238,State Park,Rockhound State Park,NM,New Mexico,234,State Park
239,State Park,Santa Rosa Lake State Park,NM,New Mexico,364,State Park
240,State Park,Storrie Lake State Park,NM,New Mexico,130,State Park
241,State Park,Sugarite Canyon State Park,NM,New Mexico,4115,State Park
242,State Park,Sumner Lake State Park,NM,New Mexico,904,State Park
243,State Park,Ute Lake State Park,NM,New Mexico,1614,State Park
244,State Park,Villanueva State Park,NM,New Mexico,1604,State Park
404,State Park,Franklin Mountains State Park,NM,New Mexico,0,State Park
650,State Park,Rio Grande Valley State Park,NM,New Mexico,3433,State Park
651,State Park,Santa Fe River State Park,NM,New Mexico,5,State Park
653,State Historic or Cultural Area,Fort Meigs,OH,Ohio,64,"Historical Park, Site, Monument, or Memorial"
654,State Park,55Th Street Park,OH,Ohio,10,State Park
655,State Park,Euclid Beach,OH,Ohio,0,State Park
656,State Park,Fort Laurens State Park,OH,Ohio,34,State Park
657,State Park,Howes State Park,OH,Ohio,3,State Park
658,State Park,Story Mound State Memorial,OH,Ohio,1,State Park
659,State Park,Van Buren State Park,OH,Ohio,0,State Park
682,State Park,Harbor Point State Park,OH,Ohio,4,State Park
689,State Park,Muskingum River State Park,OH,Ohio,1977,State Park
694,State Park,State Street Park,OH,Ohio,1,State Park
709,State Historic or Cultural Area,Serpent Mound State Memorial,OH,Ohio,55,"Historical Park, Site, Monument, or Memorial"
712,State Historic or Cultural Area,Adena State Memorial,OH,Ohio,170,"Historical Park, Site, Monument, or Memorial"
713,State Park,State Lands,OH,Ohio,35,State Park
714,State Historic or Cultural Area,Fort Hill State Memorial,OH,Ohio,1165,"Historical Park, Site, Monument, or Memorial"
715,State Park,Hocking Hills State Park,OH,Ohio,2466,State Park
716,State Park,Shawnee State Park,OH,Ohio,1280,State Park
717,State Park,Adams Lake State Park,OH,Ohio,99,State Park
718,State Park,Barkcamp State Park,OH,Ohio,1139,State Park
719,State Park,Beaver Creek State Park,OH,Ohio,2678,State Park
720,State Park,Blue Rock State Park,OH,Ohio,301,State Park
721,State Park,Buck Creek State Park,OH,Ohio,249,State Park
722,State Park,Buckeye Lake State Park,OH,Ohio,2474,State Park
723,State Park,Buckeye Lake State Park,OH,Ohio,534,State Park
724,State Park,Burr Oak State Park,OH,Ohio,3019,State Park
725,State Park,Burr Oak State Park,OH,Ohio,290,State Park
726,State Park,Catawba Island State Park,OH,Ohio,10,State Park
727,State Park,Cowan Lake State Park,OH,Ohio,1780,State Park
728,State Park,Delaware State Park,OH,Ohio,0,State Park
729,State Park,Dillon State Park,OH,Ohio,2,State Park
730,State Park,East Fork State Park,OH,Ohio,318,State Park
731,State Park,East Harbor State Park,OH,Ohio,1642,State Park
732,State Park,East Reservoir State Park,OH,Ohio,255,State Park
733,State Park,Findley State Park,OH,Ohio,933,State Park
734,State Park,Forked Run State Park,OH,Ohio,848,State Park
735,State Park,Geneva State Park,OH,Ohio,688,State Park
736,State Park,Grand Lake St Marys State Park,OH,Ohio,2665,State Park
737,State Park,Grand Lake St Marys State Park,OH,Ohio,10912,State Park
738,State Park,Great Seal State Park,OH,Ohio,1870,State Park
739,State Park,Guilford Lake State Park,OH,Ohio,493,State Park
740,State Park,Harrison Lake State Park,OH,Ohio,245,State Park
741,State Park,Harrison State Park,OH,Ohio,15,State Park
742,State Park,Headlands Beach State Park,OH,Ohio,131,State Park
743,State Park,Hower Lake State Park,OH,Ohio,26,State Park
744,State Park,Hueston Woods State Park,OH,Ohio,940,State Park
745,State Park,Hueston Woods State Park,OH,Ohio,2374,State Park
746,State Park,Independence Dam State Park,OH,Ohio,92,State Park
747,State Park,Independence Dam State Park,OH,Ohio,14,State Park
748,State Park,Indian Lake State Park,OH,Ohio,6515,State Park
749,State Park,Jackson Lake State Park,OH,Ohio,105,State Park
750,State Park,Jefferson Lake State Park,OH,Ohio,960,State Park
751,State Park,John Bryan State Park,OH,Ohio,642,State Park
752,State Park,Kelleys Island State Park,OH,Ohio,628,State Park
753,State Park,Kiser Lake State Park,OH,Ohio,873,State Park
754,State Park,Lake Alma State Park,OH,Ohio,374,State Park
755,State Park,Lake Hope State Park,OH,Ohio,2622,State Park
756,State Park,Lake Logan State Park,OH,Ohio,717,State Park
757,State Park,Lake Loramie State Park,OH,Ohio,70,State Park
758,State Park,Lake Loramie State Park,OH,Ohio,1730,State Park
759,State Park,Lake Milton State Park,OH,Ohio,2647,State Park
760,State Park,Lake White State Park,OH,Ohio,474,State Park
761,State Park,Little Miami Scenic Park State Park,OH,Ohio,322,State Park
762,State Park,Little Miami Scenic Park State Park,OH,Ohio,148,State Park
763,State Park,Long Lake State Park,OH,Ohio,146,State Park
764,State Park,Madison Lake State Park,OH,Ohio,179,State Park
765,State Park,Magee Marsh Wildlife Area,OH,Ohio,201,State Park
766,State Park,Malabar Farm State Park,OH,Ohio,937,State Park
767,State Park,Marblehead Lighthouse State Park,OH,Ohio,13,State Park
768,State Park,Mary Jane Thurston State Park,OH,Ohio,53,State Park
769,State Park,Mary Jane Thurston State Park,OH,Ohio,49,State Park
770,State Park,Maumee Bay State Park,OH,Ohio,1377,State Park
771,State Park,Middle Bass Island State Park,OH,Ohio,137,State Park
772,State Park,Mohican State Park,OH,Ohio,1075,State Park
773,State Park,Mohican State Park,OH,Ohio,2,State Park
774,State Park,Mosquito Creek State Park,OH,Ohio,802,State Park
775,State Park,Mt Gilead State Park,OH,Ohio,212,State Park
776,State Park,Mud Lake State Park,OH,Ohio,80,State Park
777,State Park,Muskingum Lock & Dam 3 State Park,OH,Ohio,4,State Park
778,State Park,Muskingum Lock & Dam 4 State Park,OH,Ohio,21,State Park
779,State Park,Muskingum Lock & Dam 5 State Park,OH,Ohio,4,State Park
780,State Park,Muskingum River Parkway State Park,OH,Ohio,10,State Park
781,State Park,Muskingum River State Park,OH,Ohio,5,State Park
782,State Park,Muskingum River State Park,OH,Ohio,21,State Park
783,State Park,Nelson-Kennedy Ledges State Park,OH,Ohio,169,State Park
784,State Park,North Bass Island State Park,OH,Ohio,446,State Park
785,State Park,North Reservoir State Park,OH,Ohio,143,State Park
786,State Park,Oak Point State Park,OH,Ohio,1,State Park
787,State Park,Ohio River Forked Run State Park,OH,Ohio,15,State Park
788,State Park,Pike Lake State Park,OH,Ohio,428,State Park
789,State Park,Portage Lakes State Park,OH,Ohio,1741,State Park
790,State Park,Portage Lakes State Park,OH,Ohio,5,State Park
791,State Park,Punderson State Park,OH,Ohio,901,State Park
792,State Park,Pymatuning State Park,OH,Ohio,4891,State Park
793,State Park,Quail Hollow State Park,OH,Ohio,701,State Park
794,State Park,Rex Lake State Park,OH,Ohio,33,State Park
795,State Park,Rocky Fork State Park,OH,Ohio,3465,State Park
796,State Park,Salt Fork State Park,OH,Ohio,20691,State Park
797,State Park,South Bass Island State Park,OH,Ohio,32,State Park
798,State Park,Stonelick State Park,OH,Ohio,1254,State Park
799,State Park,Strouds Run State Park,OH,Ohio,2575,State Park
800,State Park,Sycamore State Park,OH,Ohio,2392,State Park
801,State Park,Tar Hollow State Park,OH,Ohio,213,State Park
802,State Park,Tar Hollow State Park,OH,Ohio,545,State Park
803,State Park,Tinkers Creek State Park,OH,Ohio,396,State Park
804,State Park,Turkeyfoot Lake State Park,OH,Ohio,206,State Park
805,State Park,Van Buren State Park,OH,Ohio,294,State Park
806,State Park,West Branch State Park,OH,Ohio,2111,State Park
807,State Park,West Reservoir State Park,OH,Ohio,103,State Park
808,State Park,Wingfoot State Park,OH,Ohio,76,State Park
809,State Park,Wolf Run State Park,OH,Ohio,1372,State Park
848,State Park,Alum Creek State Park,OH,Ohio,6119,State Park
849,State Park,Alum Creek State Park,OH,Ohio,386,State Park
850,State Park,East Fork State Park,OH,Ohio,7078,State Park
851,State Park,Mosquito Creek State Park,OH,Ohio,8579,State Park
852,State Park,West Branch State Park,OH,Ohio,6287,State Park
270,State Park,Finn Rock Park,OR,Oregon,0,State Park
271,State Park,Silver Creek Park,OR,Oregon,1,State Park
272,State Park,Bellinger Park,OR,Oregon,1,State Park
273,State Park,Bender Park,OR,Oregon,0,State Park
274,State Park,Deadwood Park,OR,Oregon,0,State Park
275,State Park,Mapleton Park,OR,Oregon,1,State Park
276,State Park,Westlake Park,OR,Oregon,1,State Park
277,State Park,Hamlin Park,OR,Oregon,0,State Park
278,State Park,Rodakowski Park,OR,Oregon,0,State Park
279,State Park,North Santiam River State Park,OR,Oregon,29,State Park
280,Recreation Management Area,Depoe Bay Whale Watch Center,OR,Oregon,3,"State Preserve, Reserve, or Recreation Area"
281,State Historic or Cultural Area,Champoeg State Heritage Area,OR,Oregon,599,"Historical Park, Site, Monument, or Memorial"
282,State Historic or Cultural Area,Emigrant Springs State Heritage Area,OR,Oregon,59,"Historical Park, Site, Monument, or Memorial"
283,State Historic or Cultural Area,Sumpter Valley Dredge State Heritage Area,OR,Oregon,97,"Historical Park, Site, Monument, or Memorial"
284,State Historic or Cultural Area,Fort Lane State Heritage Site,OR,Oregon,26,"Historical Park, Site, Monument, or Memorial"
285,State Historic or Cultural Area,Fort Yamhill State Heritage Site,OR,Oregon,101,"Historical Park, Site, Monument, or Memorial"
286,State Historic or Cultural Area,Frenchglen Hotel State Heritage Site,OR,Oregon,2,"Historical Park, Site, Monument, or Memorial"
287,State Historic or Cultural Area,Geisel Monument State Heritage Site,OR,Oregon,3,"Historical Park, Site, Monument, or Memorial"
288,State Historic or Cultural Area,Golden Townsite State Heritage Site,OR,Oregon,7,"Historical Park, Site, Monument, or Memorial"
289,State Historic or Cultural Area,Iwetemlaykin State Heritage Site,OR,Oregon,59,"Historical Park, Site, Monument, or Memorial"
290,State Historic or Cultural Area,Kam Wah Chung State Heritage Site,OR,Oregon,1,"Historical Park, Site, Monument, or Memorial"
291,State Historic or Cultural Area,Pete French Round Barn State Heritage Site,OR,Oregon,2,"Historical Park, Site, Monument, or Memorial"
292,State Historic or Cultural Area,Thompson's Mill State Heritage Site,OR,Oregon,22,"Historical Park, Site, Monument, or Memorial"
293,State Historic or Cultural Area,Willamette Stone State Heritage Site,OR,Oregon,2,"Historical Park, Site, Monument, or Memorial"
294,State Historic or Cultural Area,Wolf Creek Inn State Heritage Site,OR,Oregon,14,"Historical Park, Site, Monument, or Memorial"
295,State Park,South Waterfront Dog Park,OR,Oregon,2,State Park
296,State Park,State Park & Rec Dept 1,OR,Oregon,0,State Park
660,State Park,Barview Wayside Park,OR,Oregon,14,State Park
661,State Park,Brandon South Jetty Park,OR,Oregon,2,State Park
662,State Park,Gearheart Ocean State Park,OR,Oregon,187,State Park
663,State Park,Geer Park,OR,Oregon,44,State Park
664,State Park,Holeman State Park,OR,Oregon,35,State Park
665,State Park,Keizer Rapids Park,OR,Oregon,148,State Park
666,State Park,Oregon State Capitol State Park,OR,Oregon,19,State Park
667,State Park,Valley Of The Rogue State Park,OR,Oregon,197,State Park
668,State Park,Waldo Park,OR,Oregon,7,State Park
669,State Park,Denman Wildlife Refuge,OR,Oregon,1674,State Park
670,State Park,Touvelle State Park,OR,Oregon,57,State Park
683,State Park,Rodakowski Landing,OR,Oregon,0,State Park
690,State Park,Hat Rock State Park,OR,Oregon,652,State Park
691,State Park,Pilot Butte State Park,OR,Oregon,120,State Park
692,State Park,Milo Mciver State Park,OR,Oregon,959,State Park
693,State Park,Tumalo State Park,OR,Oregon,363,State Park
1,State Park,Big Ridge State Park,TN,Tennessee,3958,State Park
2,State Park,Booker T. Washington State Park,TN,Tennessee,419,State Park
3,State Park,Harrison Bay State Park,TN,Tennessee,1903,State Park
4,State Park,Nathan Bedford Forrest State Park,TN,Tennessee,2935,State Park
5,State Park,Norris Dam State Park,TN,Tennessee,2687,State Park
6,State Park,Panther Creek State Park,TN,Tennessee,365,State Park
7,State Park,Pickwick Landing State Park,TN,Tennessee,730,State Park
8,State Park,Tims Ford State Park,TN,Tennessee,1178,State Park
297,State Park,Hiwassee/Ocoee,TN,Tennessee,0,State Park
298,State Park,Hiwassee/Ocoee,TN,Tennessee,17,State Park
299,State Park,Hiwassee/Ocoee,TN,Tennessee,5,State Park
300,State Historic or Cultural Area,Alex Haley Museum,TN,Tennessee,0,"Historical Park, Site, Monument, or Memorial"
301,State Historic or Cultural Area,Belle Meade Mansion,TN,Tennessee,24,"Historical Park, Site, Monument, or Memorial"
302,State Historic or Cultural Area,Camp Blount,TN,Tennessee,39,"Historical Park, Site, Monument, or Memorial"
303,State Historic or Cultural Area,Carnton,TN,Tennessee,38,"Historical Park, Site, Monument, or Memorial"
304,State Historic or Cultural Area,Carter House,TN,Tennessee,9,"Historical Park, Site, Monument, or Memorial"
305,State Historic or Cultural Area,Chester,TN,Tennessee,0,"Historical Park, Site, Monument, or Memorial"
306,State Historic or Cultural Area,Cragfont,TN,Tennessee,143,"Historical Park, Site, Monument, or Memorial"
307,State Historic or Cultural Area,Ducktown Basin Museum,TN,Tennessee,20,"Historical Park, Site, Monument, or Memorial"
308,State Historic or Cultural Area,Hawthorne Hill,TN,Tennessee,11,"Historical Park, Site, Monument, or Memorial"
309,State Historic or Cultural Area,James K. Polk Home,TN,Tennessee,1,"Historical Park, Site, Monument, or Memorial"
310,State Historic or Cultural Area,John And Landon Carter House,TN,Tennessee,4,"Historical Park, Site, Monument, or Memorial"
311,State Historic or Cultural Area,Marble Springs,TN,Tennessee,35,"Historical Park, Site, Monument, or Memorial"
312,State Historic or Cultural Area,Parkers Crossroads,TN,Tennessee,341,"Historical Park, Site, Monument, or Memorial"
313,State Historic or Cultural Area,Rock Castle,TN,Tennessee,2,"Historical Park, Site, Monument, or Memorial"
314,State Historic or Cultural Area,Rocky Mount,TN,Tennessee,27,"Historical Park, Site, Monument, or Memorial"
315,State Historic or Cultural Area,Sam Davis Home,TN,Tennessee,1,"Historical Park, Site, Monument, or Memorial"
316,State Historic or Cultural Area,Sam Houston School,TN,Tennessee,3,"Historical Park, Site, Monument, or Memorial"
317,State Historic or Cultural Area,SParta Rock House,TN,Tennessee,1,"Historical Park, Site, Monument, or Memorial"
318,State Historic or Cultural Area,Sycamore Shoals,TN,Tennessee,5,"Historical Park, Site, Monument, or Memorial"
319,State Historic or Cultural Area,The Hermitage,TN,Tennessee,787,"Historical Park, Site, Monument, or Memorial"
320,State Historic or Cultural Area,Tipton-Haynes Farm,TN,Tennessee,46,"Historical Park, Site, Monument, or Memorial"
321,State Historic or Cultural Area,Wynnewood,TN,Tennessee,204,"Historical Park, Site, Monument, or Memorial"
322,State Park,Alvin C York,TN,Tennessee,336,State Park
323,State Park,Bicentennial,TN,Tennessee,22,State Park
324,State Park,Big Cypress Tree,TN,Tennessee,387,State Park
325,State Park,Big Hill Pond,TN,Tennessee,4139,State Park
326,State Park,Big Hill Pond,TN,Tennessee,840,State Park
327,State Park,Big Ridge,TN,Tennessee,3863,State Park
328,State Park,Bledsoe Creek,TN,Tennessee,158,State Park
329,State Park,Booker T Washington,TN,Tennessee,358,State Park
330,State Park,Burgess Falls,TN,Tennessee,254,State Park
331,State Park,Burgess Falls,TN,Tennessee,255,State Park
332,State Park,Cedars Of Lebanon,TN,Tennessee,1267,State Park
333,State Park,Cedars Of Lebanon State Natural Area,TN,Tennessee,1030,State Park
334,State Park,Chickasaw,TN,Tennessee,1387,State Park
335,State Park,Cordell Hull,TN,Tennessee,53,State Park
336,State Park,Cove Lake,TN,Tennessee,701,State Park
337,State Park,Cumberland Mountain,TN,Tennessee,1518,State Park
338,State Park,Cumberland Mountain,TN,Tennessee,438,State Park
339,State Park,Cumberland Trail,TN,Tennessee,21663,State Park
340,State Park,Cumberland Trail,TN,Tennessee,152,State Park
341,State Park,Cumberland Trail,TN,Tennessee,89,State Park
342,State Park,Cumberland Trail,TN,Tennessee,7109,State Park
343,State Park,Cumberland Trail,TN,Tennessee,45,State Park
344,State Park,Cumberland Trail,TN,Tennessee,776,State Park
345,State Park,Cummins Falls,TN,Tennessee,211,State Park
346,State Park,David Crockett,TN,Tennessee,1002,State Park
347,State Park,Davy Crockett Birthplace,TN,Tennessee,98,State Park
348,State Park,Dunbar Cave,TN,Tennessee,144,State Park
349,State Park,Edgar Evins,TN,Tennessee,6310,State Park
350,State Park,Fall Creek Falls,TN,Tennessee,26033,State Park
351,State Park,Fall Creek Falls,TN,Tennessee,1134,State Park
352,State Park,Fort Loudon,TN,Tennessee,477,State Park
353,State Park,Fort Pillow,TN,Tennessee,1707,State Park
354,State Park,Frozen Head,TN,Tennessee,22767,State Park
355,State Park,Harpeth River,TN,Tennessee,58,State Park
356,State Park,Harpeth River,TN,Tennessee,90,State Park
357,State Park,Harpeth River,TN,Tennessee,51,State Park
358,State Park,Harpeth River,TN,Tennessee,167,State Park
359,State Park,Harpeth River,TN,Tennessee,140,State Park
360,State Park,Harpeth River,TN,Tennessee,2,State Park
361,State Park,Harrison Bay,TN,Tennessee,1764,State Park
362,State Park,Henry Horton,TN,Tennessee,1524,State Park
363,State Park,Hiwassee/Ocoee,TN,Tennessee,1,State Park
364,State Park,Hiwassee/Ocoee,TN,Tennessee,84,State Park
365,State Park,Hiwassee/Ocoee,TN,Tennessee,15,State Park
366,State Park,Indian Mountain,TN,Tennessee,209,State Park
367,State Park,Johnsonville,TN,Tennessee,800,State Park
368,State Park,Johnsonville,TN,Tennessee,551,State Park
369,State Park,Long Hunter,TN,Tennessee,2717,State Park
370,State Park,Long Hunter,TN,Tennessee,68,State Park
371,State Park,Montgomery Bell,TN,Tennessee,3988,State Park
372,State Park,Mousetail Landing,TN,Tennessee,1306,State Park
373,State Park,Natchez Trace,TN,Tennessee,8222,State Park
374,State Park,Nathan Bedford Forrest,TN,Tennessee,2759,State Park
375,State Park,Norris Dam,TN,Tennessee,2800,State Park
376,State Park,Old Stone Fort,TN,Tennessee,896,State Park
377,State Park,Panther Creek,TN,Tennessee,1304,State Park
378,State Park,Paris Landing,TN,Tennessee,789,State Park
379,State Park,Pickett,TN,Tennessee,765,State Park
380,State Park,Pickett,TN,Tennessee,3876,State Park
381,State Park,Pickwick Landing,TN,Tennessee,1426,State Park
382,State Park,Pinson Mounds,TN,Tennessee,195,State Park
383,State Park,Pinson Mounds,TN,Tennessee,1324,State Park
384,State Park,Port Royal,TN,Tennessee,27,State Park
385,State Park,Radnor Lake,TN,Tennessee,1363,State Park
386,State Park,Red Clay,TN,Tennessee,265,State Park
387,State Park,Reelfoot,TN,Tennessee,12873,State Park
388,State Park,Roan Mountain,TN,Tennessee,2036,State Park
389,State Park,Rock Island,TN,Tennessee,1209,State Park
390,State Park,Rock Island,TN,Tennessee,1,State Park
391,State Park,Rocky Fork,TN,Tennessee,2037,State Park
392,State Park,Seven Islands,TN,Tennessee,416,State Park
393,State Park,South Cumberland,TN,Tennessee,686,State Park
394,State Park,South Cumberland,TN,Tennessee,23941,State Park
395,State Park,Standing Stone,TN,Tennessee,1051,State Park
396,State Park,Sycamore Shoals,TN,Tennessee,66,State Park
397,State Park,Tims Ford,TN,Tennessee,2972,State Park
398,State Park,To Fuller,TN,Tennessee,1004,State Park
399,State Park,Warriors Path,TN,Tennessee,986,State Park
400,State Historic or Cultural Area,Williams Island,TN,Tennessee,445,"Historical Park, Site, Monument, or Memorial"
401,State Park,Frozen Head,TN,Tennessee,19164,State Park
402,State Park,Fort Loudon,TN,Tennessee,438,State Park
403,State Park,Pickwick Landing,TN,Tennessee,161,State Park
9,State Park,Anasazi State Park,UT,Utah,6,State Park
10,State Park,Antelope Island State Park,UT,Utah,24533,State Park
11,State Park,Bear Lake State Park,UT,Utah,570,State Park
12,State Park,Bear Lake State Park (Cisco Beach),UT,Utah,283,State Park
13,State Park,Bear Lake State Park (Rendezvous Beach),UT,Utah,112,State Park
14,State Park,Big Sand Wash State Park,UT,Utah,80,State Park
15,State Park,Camp Floyd State Park,UT,Utah,41,State Park
16,State Park,Coral Pink Sand Dunes State Park,UT,Utah,3728,State Park
17,State Park,Danger Cave State Park,UT,Utah,560,State Park
18,State Park,Dead Horse Point State Park,UT,Utah,4339,State Park
19,State Park,Deer Creek State Park,UT,Utah,4470,State Park
20,State Park,East Canyon State Park,UT,Utah,1137,State Park
21,State Park,Edge Of The Cedars State Park,UT,Utah,27,State Park
22,State Park,Escalante State Park,UT,Utah,1330,State Park
23,State Park,Fort Buenaventura State Park,UT,Utah,95,State Park
24,State Park,Fort Deseret State Park,UT,Utah,10,State Park
25,State Park,Fremont Indian State Park,UT,Utah,1143,State Park
26,State Park,Goblin Valley State Park,UT,Utah,3014,State Park
27,State Park,Goosenecks State Park,UT,Utah,10,State Park
28,State Park,Green River State Park,UT,Utah,135,State Park
29,State Park,Gunlock State Park,UT,Utah,557,State Park
30,State Park,Huntington State Park,UT,Utah,386,State Park
31,State Park,Hyrum State Park,UT,Utah,676,State Park
32,State Park,Iron Mission State Park,UT,Utah,9,State Park
33,State Park,Jordan River Golf Course State Park,UT,Utah,23,State Park
34,State Park,Jordan River OHV/ Modelport State Park,UT,Utah,345,State Park
35,State Park,Jordanelle State Park,UT,Utah,5814,State Park
36,State Park,Kodachrome Basin State Park,UT,Utah,3150,State Park
37,State Park,Lost Creek State Park,UT,Utah,1074,State Park
38,State Park,Minersville State Park,UT,Utah,212,State Park
39,State Park,Otter Creek State Park,UT,Utah,79,State Park
40,State Park,Palisade State Park,UT,Utah,240,State Park
41,State Park,Pioneer Trail State Park,UT,Utah,236,State Park
42,State Park,Piute State Park,UT,Utah,41,State Park
43,State Park,Rockport State Park,UT,Utah,1862,State Park
44,State Park,Sand Hollow State Park,UT,Utah,1670,State Park
45,State Park,Scofield State Park,UT,Utah,3925,State Park
46,State Park,Snow Canyon State Park,UT,Utah,7930,State Park
47,State Park,Stagecoach Inn State Park,UT,Utah,3,State Park
48,State Park,Starvation State Park,UT,Utah,7370,State Park
49,State Park,Territorial Statehouse State Park,UT,Utah,4,State Park
50,State Park,Utah Field House Natuarl History State Park,UT,Utah,2,State Park
51,State Park,Utah State Department of State Parks 520,UT,Utah,123,State Park
52,State Park,Utah State Department of State Parks 521,UT,Utah,40,State Park
53,State Park,Utah State Department of State Parks 522,UT,Utah,288,State Park
54,State Park,Utah State Department of State Parks 523,UT,Utah,160,State Park
55,State Park,Utah State Department of State Parks 591,UT,Utah,162,State Park
56,State Park,Wasatch Mountain State Park,UT,Utah,20944,State Park
57,State Park,Willard Bay State Park,UT,Utah,12649,State Park
58,State Park,Yuba State Park,UT,Utah,81,State Park
671,State Park,Matheson Nature Preserve,UT,Utah,19,State Park
672,State Park,Quail Creek State Park,UT,Utah,869,State Park
673,State Park,Utah State Capitol,UT,Utah,36,State Park
674,State Park,Utah State Fair Park,UT,Utah,59,State Park
405,State Historic or Cultural Area,Spokane Plains Battlefield,WA,Washington,1,"Historical Park, Site, Monument, or Memorial"
406,State Historic or Cultural Area,Steptoe Battlefield,WA,Washington,3,"Historical Park, Site, Monument, or Memorial"
407,State Park,Bay View,WA,Washington,66,State Park
408,State Park,Beacon Rock,WA,Washington,4453,State Park
409,State Park,Belfair,WA,Washington,94,State Park
410,State Park,Birch Bay,WA,Washington,664,State Park
411,State Park,Blake Island,WA,Washington,1127,State Park
412,State Park,Blind Island,WA,Washington,2,State Park
413,State Park,Bogachiel,WA,Washington,125,State Park
414,State Park,Bridgeport,WA,Washington,646,State Park
415,State Park,Brooks Memorial,WA,Washington,855,State Park
416,State Park,Burrows Island,WA,Washington,395,State Park
417,State Park,Camano Island,WA,Washington,241,State Park
418,State Park,Cascade Island,WA,Washington,40,State Park
419,State Park,Chance A La Mer,WA,Washington,4,State Park
420,State Park,Clallam Bay,WA,Washington,50,State Park
421,State Park,Clark Island,WA,Washington,50,State Park
422,State Park,Colbert House,WA,Washington,0,State Park
423,State Park,Columbia Hills,WA,Washington,3632,State Park
424,State Park,Conconully,WA,Washington,99,State Park
425,State Park,Cone Island,WA,Washington,11,State Park
426,State Park,Cranberry,WA,Washington,2,State Park
427,State Park,Crawford,WA,Washington,40,State Park
428,State Park,Crown Point,WA,Washington,12,State Park
429,State Park,Crystal Falls,WA,Washington,162,State Park
430,State Park,Cutts Island,WA,Washington,351,State Park
431,State Park,Daroga,WA,Washington,127,State Park
432,State Park,Dash Point,WA,Washington,459,State Park
433,State Park,Deception Pass,WA,Washington,4108,State Park
434,State Park,Doe Island,WA,Washington,10,State Park
435,State Park,Dosewallips,WA,Washington,605,State Park
436,State Park,Dugualla,WA,Washington,600,State Park
437,State Park,Eagle Island,WA,Washington,5,State Park
438,State Park,Ebey's Landing,WA,Washington,46,State Park
439,State Park,Everett Jetty,WA,Washington,160,State Park
440,State Park,Everett Property,WA,Washington,1,State Park
441,State Park,Fields Spring,WA,Washington,832,State Park
442,State Park,Fisk Property,WA,Washington,680,State Park
443,State Park,Flaming Geyser,WA,Washington,504,State Park
444,State Park,Fort Columbia,WA,Washington,617,State Park
445,State Park,Fort Ebey,WA,Washington,644,State Park
446,State Park,Fort Flagler,WA,Washington,1453,State Park
447,State Park,Fort Simcoe,WA,Washington,201,State Park
448,State Park,Fort Townsend,WA,Washington,640,State Park
449,State Park,Fort Worden,WA,Washington,445,State Park
450,State Park,Goldendale Observatory,WA,Washington,5,State Park
451,State Park,GRG - Black Diamond,WA,Washington,333,State Park
452,State Park,GRG - Jellum,WA,Washington,351,State Park
453,State Park,Griffin Bay,WA,Washington,14,State Park
454,State Park,Griffith-Priday,WA,Washington,496,State Park
455,State Park,H J Carroll Site,WA,Washington,1,State Park
456,State Park,Haley property,WA,Washington,216,State Park
457,State Park,Harstine Island,WA,Washington,403,State Park
458,State Park,Helen McCabe,WA,Washington,64,State Park
459,State Park,Hoko River / Cowan Ranch,WA,Washington,918,State Park
460,State Park,Hope Island,WA,Washington,131,State Park
461,State Park,Ice Caves,WA,Washington,159,State Park
462,State Park,Iceberg Island,WA,Washington,3,State Park
463,State Park,Ike Kinswa,WA,Washington,453,State Park
464,State Park,Illahee,WA,Washington,82,State Park
465,State Park,Iron Horse,WA,Washington,2334,State Park
466,State Park,Iron Horse Palouse,WA,Washington,1260,State Park
467,State Park,Jackson House,WA,Washington,1,State Park
468,State Park,James Island,WA,Washington,132,State Park
469,State Park,Jarrell Cove,WA,Washington,56,State Park
470,State Park,Jones Island,WA,Washington,193,State Park
471,State Park,Joseph Whidbey,WA,Washington,208,State Park
472,State Park,Kanaskat-Palmer,WA,Washington,535,State Park
473,State Park,Kinney Point,WA,Washington,67,State Park
474,State Park,Kitsap Memorial,WA,Washington,63,State Park
475,State Park,Kopachuck,WA,Washington,280,State Park
476,State Park,Lake Chelan,WA,Washington,147,State Park
477,State Park,Lake Easton,WA,Washington,1111,State Park
478,State Park,Lake Isabella,WA,Washington,192,State Park
479,State Park,Lake Newport,WA,Washington,160,State Park
480,State Park,Lake Sammamish,WA,Washington,532,State Park
481,State Park,Lake Sylvia,WA,Washington,252,State Park
482,State Park,Lake Wenatchee,WA,Washington,490,State Park
483,State Park,Larrabee,WA,Washington,2745,State Park
484,State Park,Leadbetter Point,WA,Washington,1698,State Park
485,State Park,Lewis & Clark,WA,Washington,627,State Park
486,State Park,Lime Kiln Point,WA,Washington,42,State Park
487,State Park,Lincoln Rock,WA,Washington,84,State Park
488,State Park,Lower Green River,WA,Washington,49,State Park
489,State Park,Manchester,WA,Washington,123,State Park
490,State Park,Maryhill,WA,Washington,93,State Park
491,State Park,Matilda N. Jackson,WA,Washington,5,State Park
492,State Park,McMicken Island,WA,Washington,222,State Park
493,State Park,Miller Peninsula,WA,Washington,2893,State Park
494,State Park,Millersylvania Memorial,WA,Washington,903,State Park
495,State Park,Moclips,WA,Washington,5,State Park
496,State Park,Monticello Convention Site,WA,Washington,0,State Park
497,State Park,Moran,WA,Washington,5882,State Park
498,State Park,Mount Pilchuck,WA,Washington,1902,State Park
499,State Park,Mount Spokane,WA,Washington,13078,State Park
500,State Park,Mystery Bay,WA,Washington,18,State Park
501,State Park,Nisqually,WA,Washington,1219,State Park
502,State Park,Nolte,WA,Washington,112,State Park
503,State Park,North Jetty,WA,Washington,2,State Park
504,State Park,O'Brien-Riggs,WA,Washington,94,State Park
505,State Park,Ocean City,WA,Washington,220,State Park
506,State Park,Ocean City OBA,WA,Washington,13,State Park
507,State Park,Olallie,WA,Washington,2537,State Park
508,State Park,Old Ruby,WA,Washington,7,State Park
509,State Park,Olga,WA,Washington,1,State Park
510,State Park,Olmstead Place,WA,Washington,221,State Park
511,State Park,Oyhut,WA,Washington,2,State Park
512,State Park,Pacific Pines,WA,Washington,10,State Park
513,State Park,Packwood,WA,Washington,179,State Park
514,State Park,Palouse Falls,WA,Washington,100,State Park
515,State Park,Paradise Point,WA,Washington,101,State Park
516,State Park,Patos Island,WA,Washington,225,State Park
517,State Park,Peace Arch,WA,Washington,19,State Park
518,State Park,Penrose Point,WA,Washington,236,State Park
519,State Park,Peshastin Pinnacles,WA,Washington,34,State Park
520,State Park,Pleasant Harbor,WA,Washington,1,State Park
521,State Park,Point Hannon,WA,Washington,8,State Park
522,State Park,Point of Arches,WA,Washington,21,State Park
523,State Park,Posey Island,WA,Washington,1,State Park
524,State Park,Possession Point,WA,Washington,56,State Park
525,State Park,Potholes,WA,Washington,771,State Park
526,State Park,Potlatch,WA,Washington,125,State Park
527,State Park,Rainbow Falls,WA,Washington,131,State Park
528,State Park,Ranald McDonald's Grave,WA,Washington,0,State Park
529,State Park,Rasar,WA,Washington,173,State Park
530,State Park,Reed Island,WA,Washington,686,State Park
531,State Park,Right Smart Cove,WA,Washington,2,State Park
532,State Park,Riverside,WA,Washington,8735,State Park
533,State Park,Rockport,WA,Washington,636,State Park
534,State Park,Rothschild House,WA,Washington,1,State Park
535,State Park,Sacajawea,WA,Washington,270,State Park
536,State Park,Saddlebag Island,WA,Washington,25,State Park
537,State Park,Saint Edward,WA,Washington,326,State Park
538,State Park,Saltwater,WA,Washington,137,State Park
539,State Park,Schafer,WA,Washington,122,State Park
540,State Park,Seaquest,WA,Washington,505,State Park
541,State Park,Sequim Bay,WA,Washington,94,State Park
542,State Park,Skull Island,WA,Washington,3,State Park
543,State Park,Sol Duc,WA,Washington,443,State Park
544,State Park,South Whidbey,WA,Washington,381,State Park
545,State Park,Spencer Spit,WA,Washington,200,State Park
546,State Park,Squak Mountain,WA,Washington,1592,State Park
547,State Park,Squaxin Island,WA,Washington,28,State Park
548,State Park,Squilchuck,WA,Washington,254,State Park
549,State Park,Steamboat Rock,WA,Washington,5143,State Park
550,State Park,Steptoe Butte,WA,Washington,168,State Park
551,State Park,Stretch Point,WA,Washington,8,State Park
552,State Park,Stuart Island,WA,Washington,432,State Park
553,State Park,Sucia Island,WA,Washington,813,State Park
554,State Park,Tilton River,WA,Washington,102,State Park
555,State Park,Tolmie,WA,Washington,154,State Park
556,State Park,Triton Cove,WA,Washington,30,State Park
557,State Park,Twanoh,WA,Washington,188,State Park
558,State Park,Twenty-Five Mile Creek,WA,Washington,232,State Park
559,State Park,Victim Island,WA,Washington,4,State Park
560,State Park,Wallace Falls,WA,Washington,1385,State Park
561,State Park,Washougal River,WA,Washington,467,State Park
562,State Park,Wenatchee Confluence,WA,Washington,231,State Park
563,State Park,Westhaven,WA,Washington,79,State Park
564,State Park,Westport Light,WA,Washington,236,State Park
565,State Park,Willie Keil's Grave,WA,Washington,0,State Park
566,State Park,Wolfe Property,WA,Washington,197,State Park
567,State Park,Yakima Sportsman,WA,Washington,266,State Park
568,State Park,Bottle Beach,WA,Washington,64,State Park
569,State Park,Cama Beach,WA,Washington,387,State Park
570,State Park,Doug's Beach,WA,Washington,389,State Park
571,State Park,Grayland Beach,WA,Washington,538,State Park
572,State Park,Joemma Beach,WA,Washington,113,State Park
573,State Park,Pacific Beach,WA,Washington,17,State Park
574,State Park,Scenic Beach,WA,Washington,117,State Park
575,State Park,Twin Harbors Beach,WA,Washington,224,State Park
576,State Park,WA State Parks Eastern,WA,Washington,1,State Park
577,State Park,WA State Parks Headquarters,WA,Washington,2,State Park
578,State Park,WA State Parks Northwest,WA,Washington,1,State Park
675,State Park,River State Park,WA,Washington,8,State Park
676,State Park,Tennant Lake Park,WA,Washington,638,State Park
681,State Park,Issaquah To High Point Trail Site,WA,Washington,48,State Park
695,State Park,Hanging Gardens Site,WA,Washington,358,State Park
696,State Park,State Park - Auburn Narrows,WA,Washington,63,State Park
579,State Park,Buckhorn State Park,WI,Wisconsin,200,State Park
580,State Park,Governor Dodge State Park,WI,Wisconsin,83,State Park
581,State Park,Governor Thompson State Park,WI,Wisconsin,39,State Park
582,State Park,Harrington Beach State Park,WI,Wisconsin,9,State Park
583,State Park,Harrington Beach State Park,WI,Wisconsin,13,State Park
584,State Park,John Michael Kohler State Park,WI,Wisconsin,40,State Park
585,State Park,Rib Mountain State Park,WI,Wisconsin,12,State Park
586,State Park,Big Bay State Park 4,WI,Wisconsin,40,State Park
587,State Park,Brunet Island State Park,WI,Wisconsin,78,State Park
588,State Park,Buckhorn State Park 3,WI,Wisconsin,926,State Park
589,State Park,Copper Falls State Park 3,WI,Wisconsin,79,State Park
590,State Park,Devils Lake State Park-Iansr 14,WI,Wisconsin,40,State Park
591,State Park,Devils Lake State Park-Iansr 9,WI,Wisconsin,20,State Park
592,State Park,Harrington Beach State Park 2,WI,Wisconsin,52,State Park
593,State Park,Hartman Creek State Park,WI,Wisconsin,42,State Park
649,State Park,Jay Cooke State Park,WI,Wisconsin,0,State Park
677,State Park,Lost Dauphin State Park,WI,Wisconsin,9,State Park
678,State Park,Harbor Park Promenade,WI,Wisconsin,11,State Park
679,State Park,Peat Lake State Wildlife Area,WI,Wisconsin,180,State Park
680,State Park,Kettle Moraine State Forest Lapham Peak Unit,WI,Wisconsin,125,State Park
697,State Park,Capitol Springs Centennial State Park,WI,Wisconsin,65,State Park
698,State Park,Copper Falls State Park,WI,Wisconsin,4,State Park
699,State Park,Council Grounds State Park,WI,Wisconsin,5,State Park
700,State Park,Devils Lake State Park-Iansr,WI,Wisconsin,48,State Park
701,State Park,Governor Nelson State Park,WI,Wisconsin,7,State Park
702,State Park,High Cliff State Park,WI,Wisconsin,9,State Park
703,State Park,Newport State Park,WI,Wisconsin,0,State Park
704,State Park,Potawatomi State Park,WI,Wisconsin,76,State Park
705,State Park,Whitefish Dunes State Park,WI,Wisconsin,0,State Park
706,State Park,Wildcat Mountain State Park,WI,Wisconsin,52,State Park
707,State Park,Willow River State Park,WI,Wisconsin,11,State Park
708,State Park,Yellowstone Lake State Park,WI,Wisconsin,2,State Park
710,State Park,Adeline Jay Geo-Karis Illinois Beach State Park,WI,Wisconsin,0,State Park
711,State Park,Adeline Jay Geo-Karis Illinois Beach State Park,WI,Wisconsin,1,State Park
810,State Historic or Cultural Area,North Branch Milwaukee River Wildlife And Farm Heritage Area,WI,Wisconsin,364,"Historical Park, Site, Monument, or Memorial"
811,State Historic or Cultural Area,Copper Culture Mounds State Park,WI,Wisconsin,48,"Historical Park, Site, Monument, or Memorial"
812,State Park,Aztalan State Park,WI,Wisconsin,187,State Park
813,State Park,Belmont Mound State Park,WI,Wisconsin,276,State Park
814,State Park,Big Bay State Park,WI,Wisconsin,2442,State Park
815,State Park,Big Foot Beach State Park,WI,Wisconsin,264,State Park
816,State Park,Blue Mound State Park,WI,Wisconsin,1162,State Park
817,State Park,Buckhorn State Park,WI,Wisconsin,2334,State Park
818,State Park,Campbellsport Drumlin St Pk-Iansr,WI,Wisconsin,10,State Park
819,State Park,Copper Falls State Park,WI,Wisconsin,3301,State Park
820,State Park,Council Grounds State Park,WI,Wisconsin,488,State Park
821,State Park,Devils Lake State Park-Iansr,WI,Wisconsin,9366,State Park
822,State Park,Governor Dodge State Park,WI,Wisconsin,5317,State Park
823,State Park,Governor Nelson State Park,WI,Wisconsin,421,State Park
824,State Park,Harrington Beach State Park,WI,Wisconsin,660,State Park
825,State Park,Hartman Creek State Park,WI,Wisconsin,1416,State Park
826,State Park,High Cliff State Park,WI,Wisconsin,1049,State Park
827,State Park,Interstate Park-Iansr,WI,Wisconsin,1304,State Park
828,State Park,John Michael Kohler State Park,WI,Wisconsin,716,State Park
829,State Park,Lake Kegonsa State Park,WI,Wisconsin,349,State Park
830,State Park,Mill Bluff State Park-Iansr,WI,Wisconsin,1605,State Park
831,State Park,Mirror Lake State Park,WI,Wisconsin,2138,State Park
832,State Park,Natural Bridge State Park,WI,Wisconsin,539,State Park
833,State Park,Nelson Dewey State Park,WI,Wisconsin,749,State Park
834,State Park,New Glarus Woods State Park,WI,Wisconsin,382,State Park
835,State Park,Newport State Park,WI,Wisconsin,2467,State Park
836,State Park,Peninsula State Park,WI,Wisconsin,3689,State Park
837,State Park,Potawatomi State Park,WI,Wisconsin,1099,State Park
838,State Park,Roche A Cri State Park,WI,Wisconsin,453,State Park
839,State Park,Rock Island State Park,WI,Wisconsin,934,State Park
840,State Park,Rocky Arbor State Park,WI,Wisconsin,228,State Park
841,State Park,Terry Andrae State Park,WI,Wisconsin,211,State Park
842,State Park,Tower Hill State Park,WI,Wisconsin,96,State Park
843,State Park,Whitefish Dunes State Park,WI,Wisconsin,873,State Park
844,State Park,Wildcat Mountain State Park,WI,Wisconsin,3635,State Park
845,State Park,Wyalusing State Park,WI,Wisconsin,2620,State Park
846,State Park,Yellowstone Lake State Park,WI,Wisconsin,767,State Park
847,State Park,Amnicon Falls State Park,WI,Wisconsin,832,State Park
